<?xml version="1.0" encoding="UTF-8"?>
<LightningComponentBundle xmlns="http://soap.sforce.com/2006/04/metadata">
    <apiVersion>46.0</apiVersion>
    <isExposed>true</isExposed>
    <masterLabel>Map</masterLabel>
    <description>3rd party library test</description>
    <targets>
        <target>lightningCommunity__Page</target>
        <target>lightningCommunity__Default</target>
    </targets>
    <targetConfigs>
        <targetConfig targets="lightningCommunity__Default">
            <property name="mapboxToken" type="String" label="Mapbox Access Token" />
        </targetConfig>
    </targetConfigs>
</LightningComponentBundle>