<?xml version="1.0" encoding="UTF-8"?>
<ContentAsset xmlns="http://soap.sforce.com/2006/04/metadata">
    <isVisibleByExternalUsers>true</isVisibleByExternalUsers>
    <language>en_US</language>
    <masterLabel>Salesforce CEO</masterLabel>
    <relationships>
        <organization>
            <access>VIEWER</access>
        </organization>
    </relationships>
    <versions>
        <version>
            <number>12</number>
            <pathOnClient>ceo.jpg</pathOnClient>
        </version>
    </versions>
</ContentAsset>
