<?xml version="1.0" encoding="UTF-8"?>
<LightningComponentBundle xmlns="http://soap.sforce.com/2006/04/metadata" fqn="recordCmp">
    <apiVersion>47.0</apiVersion>
    <isExposed>true</isExposed>
    <masterLabel>LWC Record Component</masterLabel>
    <targets>
        <target>lightningCommunity__Page</target>
        <target>lightningCommunity__Default</target>
    </targets>
    <targetConfigs>
        <targetConfig targets="lightningCommunity__Default">
            <property name="objectApiName" type="String"/>
            <property name="recordId" type="String"/>
        </targetConfig>
    </targetConfigs>
</LightningComponentBundle>
