<?xml version="1.0" encoding="UTF-8"?>
<LightningComponentBundle xmlns="http://soap.sforce.com/2006/04/metadata">
    <apiVersion>47.0</apiVersion>
    <isExposed>true</isExposed>
    <masterLabel>Record List</masterLabel>
    <targets>
        <target>lightningCommunity__Page</target>
        <target>lightningCommunity__Default</target>
    </targets>
    <targetConfigs>
      <targetConfig targets="lightningCommunity__Default">
          <property name="objectApiName" type="String"  default="{!objectApiName}" />
          <property name="filterName" type="String"  default="{!filterName}" />
      </targetConfig>
  </targetConfigs>
</LightningComponentBundle>