[
  {
    "Name": "Adventure Works",
    "Phone": "465-555-0156",
    "City": "Bellevue",
    "PrimaryContact": "Roland Roybal",
    "Email": "someone@example.com"
  },
  {
    "Name": "Active Transport Inc.",
    "Phone": "465-555-0156",
    "City": "Bellevue",
    "PrimaryContact": "Roland Roybal",
    "Email": "someone@example.com"
  },
  {
    "Name": "Alpine Ski House",
    "Phone": "138-555-0118",
    "City": "Seattle",
    "PrimaryContact": "Romeo Gooding",
    "Email": ""
  },
  {
    "Name": "Brakes and Gears",
    "Phone": "237-555-0128",
    "City": "Tooele",
    "PrimaryContact": "Hallie Jacobs",
    "Email": ""
  },
  {
    "Name": "Blue Yonder Airlines",
    "Phone": "984-555-0148",
    "City": "Zeeland",
    "PrimaryContact": "Joni Hernandez",
    "Email": ""
  },
  {
    "Name": "Central Discount Store",
    "Phone": "191-555-0112",
    "City": "Kent",
    "PrimaryContact": "Tracie Blevins",
    "Email": ""
  },
  {
    "Name": "Certified Bicycle Supply",
    "Phone": "680-555-0118",
    "City": "Lynnwood",
    "PrimaryContact": "Leland Fusco",
    "Email": ""
  },
  {
    "Name": "Chic Department Stores",
    "Phone": "425-555-0117",
    "City": "Irving",
    "PrimaryContact": "Hector Clausen",
    "Email": ""
  },
  {
    "Name": "City Power & Light",
    "Phone": "500-555-0172",
    "City": "Seattle",
    "PrimaryContact": "Amos Conger",
    "Email": ""
  },
  {
    "Name": "Closeout Boutique",
    "Phone": "500-555-0172",
    "City": "Seattle",
    "PrimaryContact": "Amos Conger",
    "Email": ""
  },
  {
    "Name": "Coho Winery",
    "Phone": "582-555-0178",
    "City": "Arvada",
    "PrimaryContact": "Eva Colon",
    "Email": ""
  },
  {
    "Name": "Contoso Pharmaceuticals",
    "Phone": "283-555-0185",
    "City": "Springfield",
    "PrimaryContact": "Allan Saddler",
    "Email": ""
  },
  {
    "Name": "Demand Distributors",
    "Phone": "937-555-0137",
    "City": "Wenatchee",
    "PrimaryContact": "Brandie Diaz",
    "Email": ""
  },
  {
    "Name": "Designer Department Stores",
    "Phone": "139-555-0120",
    "City": "Hillsboro",
    "PrimaryContact": "Consuelo Moses",
    "Email": ""
  },
  {
    "Name": "eCommerce Bikes",
    "Phone": "129-555-0199",
    "City": "Chicopee",
    "PrimaryContact": "Jayson Gass",
    "Email": ""
  },
  {
    "Name": "Fabrikam, Inc.",
    "Phone": "139-555-0131",
    "City": "Novi",
    "PrimaryContact": "Pearlie Blackburn",
    "Email": ""
  },
  {
    "Name": "Family Entertainment Center",
    "Phone": "143-555-0173",
    "City": "Clackamas",
    "PrimaryContact": "Sammy McCormick",
    "Email": ""
  },
  {
    "Name": "Fashionable Department Stores",
    "Phone": "540-555-0191",
    "City": "New Hartford",
    "PrimaryContact": "Ladonna Carlson",
    "Email": ""
  },
  {
    "Name": "Finish and Sealant Products",
    "Phone": "949-555-0174",
    "City": "San Bruno",
    "PrimaryContact": "Brain Rey",
    "Email": ""
  },
  {
    "Name": "Fourth Coffee",
    "Phone": "949-555-0174",
    "City": "San Bruno",
    "PrimaryContact": "Brain Rey",
    "Email": ""
  },
  {
    "Name": "Functional Store North",
    "Phone": "583-555-0182",
    "City": "Altamonte Springs",
    "PrimaryContact": "Karl McKee",
    "Email": ""
  },
  {
    "Name": "Global Sporting Goods",
    "Phone": "230-555-0144",
    "City": "Stafford",
    "PrimaryContact": "Kendrick Carbajal",
    "Email": ""
  },
  {
    "Name": "Honest Repair Service",
    "Phone": "775-555-0164",
    "City": "Kelso",
    "PrimaryContact": "Adrienne McMillan",
    "Email": ""
  },
  {
    "Name": "Immense Manufacturing Company",
    "Phone": "599-555-0127",
    "City": "Bryans Road",
    "PrimaryContact": "Pearl Chavez",
    "Email": ""
  },
  {
    "Name": "Leather and Vinyl Manufacturing",
    "Phone": "327-555-0148",
    "City": "Glencoe",
    "PrimaryContact": "Dudley Garay",
    "Email": ""
  },
  {
    "Name": "Litware",
    "Phone": "327-555-0148",
    "City": "Glencoe",
    "PrimaryContact": "Dudley Garay",
    "Email": ""
  },
  {
    "Name": "Locks Company",
    "Phone": "221-555-0167",
    "City": "Visalia",
    "PrimaryContact": "Sue Vance",
    "Email": ""
  },
  {
    "Name": "Lubricant and Grease Suppliers",
    "Phone": "583-555-0130",
    "City": "Goldfield",
    "PrimaryContact": "Trina Duncan",
    "Email": ""
  },
  {
    "Name": "Mechanical Products Ltd.",
    "Phone": "608-555-0114",
    "City": "San Diego",
    "PrimaryContact": "Calvin Conte",
    "Email": ""
  },
  {
    "Name": "Mechanical Sports Center",
    "Phone": "973-555-0112",
    "City": "Cincinnati",
    "PrimaryContact": "Tommie Bowers",
    "Email": ""
  },
  {
    "Name": "Metallic Paint and Overcoat Co",
    "Phone": "911-555-0153",
    "City": "Vista",
    "PrimaryContact": "Bobbi Christian",
    "Email": ""
  },
  {
    "Name": "Metropolitan Manufacturing",
    "Phone": "471-555-0181",
    "City": "El Cajon",
    "PrimaryContact": "Jerry Pacheco",
    "Email": ""
  },
  {
    "Name": "Noiseless Gear Company",
    "Phone": "513-555-0149",
    "City": "Columbus",
    "PrimaryContact": "Maynard Lafferty",
    "Email": ""
  },
  {
    "Name": "Nonskid Tire Company",
    "Phone": "525-555-0174",
    "City": "New York",
    "PrimaryContact": "Freida Farley",
    "Email": ""
  },
  {
    "Name": "Northwind Traders",
    "Phone": "525-555-0174",
    "City": "New York",
    "PrimaryContact": "Freida Farley",
    "Email": ""
  },
  {
    "Name": "Number 1 Supply",
    "Phone": "658-555-0146",
    "City": "Escondido",
    "PrimaryContact": "Jodi Ferrell",
    "Email": ""
  },
  {
    "Name": "Paints and Solvents Company",
    "Phone": "488-555-0130",
    "City": "Englewood",
    "PrimaryContact": "Ora Rodriguez",
    "Email": ""
  },
  {
    "Name": "Parts Shop",
    "Phone": "193-555-0116",
    "City": "La Grange",
    "PrimaryContact": "Alexis Fry",
    "Email": ""
  },
  {
    "Name": "Qualified Sales and Repair Services",
    "Phone": "539-555-0142",
    "City": "Savannah",
    "PrimaryContact": "Andrew Book",
    "Email": ""
  },
  {
    "Name": "Quitting Business Distributors",
    "Phone": "159-555-0190",
    "City": "Tampa",
    "PrimaryContact": "Darrell Bromley",
    "Email": ""
  },
  {
    "Name": "Rally Master Company Inc",
    "Phone": "542-555-0164",
    "City": "Washington",
    "PrimaryContact": "Mack Fannin",
    "Email": ""
  },
  {
    "Name": "Raw Materials Inc",
    "Phone": "539-555-0182",
    "City": "Redmond",
    "PrimaryContact": "Eloise Steele",
    "Email": ""
  },
  {
    "Name": "Recreation Systems",
    "Phone": "937-555-0136",
    "City": "Clayton",
    "PrimaryContact": "Terrie Patrick",
    "Email": ""
  },
  {
    "Name": "Retail Sporting Equipment",
    "Phone": "754-555-0134",
    "City": "Du Pont",
    "PrimaryContact": "Rudolph Schiller",
    "Email": ""
  },
  {
    "Name": "Retirement Activities Association",
    "Phone": "698-555-0183",
    "City": "Atlanta",
    "PrimaryContact": "Jayne Carr",
    "Email": ""
  },
  {
    "Name": "Retread Tire Company",
    "Phone": "916-555-0137",
    "City": "Augusta",
    "PrimaryContact": "Catalina Weeks",
    "Email": ""
  },
  {
    "Name": "Rural Department Store",
    "Phone": "329-555-0183",
    "City": "Pleasanton",
    "PrimaryContact": "Carol McLaughlin",
    "Email": ""
  },
  {
    "Name": "Satin Finish Company",
    "Phone": "721-555-0163",
    "City": "Corpus Christi",
    "PrimaryContact": "Heriberto Nathan",
    "Email": ""
  },
  {
    "Name": "Security Racks and Locks Wholesalers",
    "Phone": "962-555-0175",
    "City": "Dundas",
    "PrimaryContact": "Everett Fielder",
    "Email": ""
  },
  {
    "Name": "Sensational Discount Store",
    "Phone": "150-555-0127",
    "City": "New York",
    "PrimaryContact": "Claudia Ballard",
    "Email": ""
  },
  {
    "Name": "Sheet Metal Manufacturing",
    "Phone": "692-555-0136",
    "City": "College Station",
    "PrimaryContact": "Margarita Russo",
    "Email": ""
  },
  {
    "Name": "Southridge Video",
    "Phone": "461-555-0118",
    "City": "Miami",
    "PrimaryContact": "Randy Thiel",
    "Email": ""
  },
  {
    "Name": "Stylish Department Stores",
    "Phone": "170-555-0127",
    "City": "Miami",
    "PrimaryContact": "Max McLean",
    "Email": ""
  },
  {
    "Name": "Synthetic Materials Manufacturing",
    "Phone": "790-555-0197",
    "City": "Tacoma",
    "PrimaryContact": "Clay Clemente",
    "Email": ""
  },
  {
    "Name": "Systematic Sales",
    "Phone": "214-555-0145",
    "City": "Bunola",
    "PrimaryContact": "Bette Goodman",
    "Email": ""
  },
  {
    "Name": "Technical Parts Manufacturing",
    "Phone": "215-555-0197",
    "City": "Ontario",
    "PrimaryContact": "Trudy Dickson",
    "Email": ""
  },
  {
    "Name": "Tire Company",
    "Phone": "153-555-0195",
    "City": "Cedar Hill",
    "PrimaryContact": "Grady Mattos",
    "Email": ""
  },
  {
    "Name": "Town Industries",
    "Phone": "344-555-0133",
    "City": "Dallas",
    "PrimaryContact": "Amie Gonzales",
    "Email": ""
  },
  {
    "Name": "Traditional Department Stores",
    "Phone": "762-555-0110",
    "City": "Valley Stream",
    "PrimaryContact": "Susie Wolf",
    "Email": ""
  },
  {
    "Name": "Trendy Department Stores",
    "Phone": "595-555-0131",
    "City": "Fontana",
    "PrimaryContact": "Edith Flores",
    "Email": ""
  },
  {
    "Name": "Underglaze and Finish Company",
    "Phone": "354-555-0130",
    "City": "Du Pont",
    "PrimaryContact": "Nanette Cervantes",
    "Email": ""
  },
  {
    "Name": "Village Tours",
    "Phone": "136-555-0134",
    "City": "Cheltenham",
    "PrimaryContact": "Ronda Scott",
    "Email": ""
  },
  {
    "Name": "Wide World Importers",
    "Phone": "136-555-0134",
    "City": "Cheltenham",
    "PrimaryContact": "Ronda Scott",
    "Email": ""
  },
  {
    "Name": "Wingtip Toys",
    "Phone": "653-555-0159",
    "City": "Kennewick",
    "PrimaryContact": "Shelby Paul",
    "Email": ""
  },
  {
    "Name": "Work and Play Association",
    "Phone": "306-555-0166",
    "City": "Southgate",
    "PrimaryContact": "Angelo Razo",
    "Email": ""
  },
  {
    "Name": "Worthwhile Activity Store",
    "Phone": "783-555-0110",
    "City": "Miami",
    "PrimaryContact": "Susanne Holcomb",
    "Email": ""
  }
]