<?xml version="1.0" encoding="UTF-8"?>
<LightningComponentBundle xmlns="http://soap.sforce.com/2006/04/metadata" fqn="messagePublisher">
    <apiVersion>48.0</apiVersion>
    <isExposed>true</isExposed>
    <masterLabel>[Sample] Message Publisher</masterLabel>
    <description>Custom LWC component that publishes messages to a message channel that other components can listen to.</description>
    <targets>
        <target>lightningCommunity__Page</target>
        <target>lightningCommunity__Default</target>
        <target>lightning__RecordPage</target>
        <target>lightning__HomePage</target>
        <target>lightning__AppPage</target>
    </targets>
</LightningComponentBundle>