<?xml version="1.0" encoding="UTF-8"?>
<LightningComponentBundle xmlns="http://soap.sforce.com/2006/04/metadata" fqn="simpleThemeHeader">
    <isExposed>true</isExposed>
    <masterLabel>[Sample] Simple Theme Header</masterLabel>
    <description>Simple Theme header component with search bar</description>
    <targets>
        <target>lightningCommunity__Page</target>
        <target>lightningCommunity__Default</target>
    </targets>
    <targetConfigs>
        <targetConfig targets="lightningCommunity__Default">
            <property name="backgroundColor" type="Color" default="#EFF0F2" label="Background Color"></property>
        </targetConfig>
    </targetConfigs>
</LightningComponentBundle>