<?xml version="1.0" encoding="UTF-8"?>
<LightningComponentBundle xmlns="http://soap.sforce.com/2006/04/metadata">
    <apiVersion>48.0</apiVersion>
    <isExposed>true</isExposed>
    <masterLabel>[Sample] Logout Link</masterLabel>
    <description>Custom LWC Logout link component</description>
    <targets>
        <target>lightningCommunity__Page</target>
        <target>lightningCommunity__Default</target>
    </targets>
    <targetConfigs>
        <targetConfig targets="lightningCommunity__Default">
            <property name="logoutText" type="String" label="Logout Link Text" default="Logout"></property>
        </targetConfig>
    </targetConfigs>
</LightningComponentBundle>