<?xml version="1.0" encoding="UTF-8" ?>
<LightningComponentBundle xmlns="http://soap.sforce.com/2006/04/metadata" fqn="customThemeLayout">
    <apiVersion>48.0</apiVersion>
    <isExposed>true</isExposed>
    <masterLabel>[Sample] Custom Theme Layout</masterLabel>
    <description>Custom theme layout LWC component</description>
    <targets>
        <target>lightningCommunity__Theme_Layout</target>
        <target>lightningCommunity__Default</target>
    </targets>

    <targetConfigs>
        <targetConfig targets="lightningCommunity__Default">
            <property name="backgroundColor" label="Background Color" type="Color" default="#fff"></property>
        </targetConfig>
    </targetConfigs>
</LightningComponentBundle>