,aggregatable,aiPredictionField,autoNumber,byteLength,calculated,calculatedFormula,cascadeDelete,caseSensitive,compoundFieldName,controllerName,createable,custom,defaultValue,defaultValueFormula,defaultedOnCreate,dependentPicklist,deprecatedAndHidden,digits,displayLocationInDecimal,encrypted,externalId,extraTypeInfo,filterable,filteredLookupInfo,formulaTreatNullNumberAsZero,groupable,highScaleNumber,htmlFormatted,idLookup,inlineHelpText,label,length,mask,maskType,name,nameField,namePointing,nillable,permissionable,picklistValues,polymorphicForeignKey,precision,queryByDistance,referenceTargetField,referenceTo,relationshipName,relationshipOrder,restrictedDelete,restrictedPicklist,scale,searchPrefilterable,soapType,sortable,type,unique,updateable,writeRequiresMasterRead
0,True,False,False,18,False,,False,False,,,False,False,,,True,False,False,0,False,False,False,,True,,False,True,False,False,True,,Record ID,18,,,Id,False,False,False,False,[],False,0,False,,[],,,False,False,0,False,tns:ID,True,id,False,False,False
1,True,False,False,18,False,,False,False,,,True,False,,,True,False,False,0,False,False,False,,True,,False,True,False,False,False,,Owner ID,18,,,OwnerId,False,True,False,False,[],True,0,False,,"['Group', 'User']",Owner,,False,False,0,False,tns:ID,True,reference,False,True,False
2,False,False,False,0,False,,False,False,,,False,False,0.0,,True,False,False,0,False,False,False,,True,,False,True,False,False,False,,Deleted,0,,,IsDeleted,False,False,False,False,[],False,0,False,,[],,,False,False,0,False,xsd:boolean,True,boolean,False,False,False
3,True,False,False,240,False,,False,False,,,True,False,,,True,False,False,0,False,False,False,,True,,False,True,False,False,True,,Financial Account Name,80,,,Name,True,False,True,False,[],False,0,False,,[],,,False,False,0,False,xsd:string,True,string,False,True,False
4,True,False,False,18,False,,False,False,,,True,False,,,False,False,False,0,False,False,False,,True,,False,True,False,False,False,,Record Type ID,18,,,RecordTypeId,False,False,True,False,[],False,0,False,,['RecordType'],RecordType,,False,False,0,False,tns:ID,True,reference,False,True,False
5,True,False,False,0,False,,False,False,,,False,False,,,True,False,False,0,False,False,False,,True,,False,False,False,False,False,,Created Date,0,,,CreatedDate,False,False,False,False,[],False,0,False,,[],,,False,False,0,False,xsd:dateTime,True,datetime,False,False,False
6,True,False,False,18,False,,False,False,,,False,False,,,True,False,False,0,False,False,False,,True,,False,True,False,False,False,,Created By ID,18,,,CreatedById,False,False,False,False,[],False,0,False,,['User'],CreatedBy,,False,False,0,False,tns:ID,True,reference,False,False,False
7,True,False,False,0,False,,False,False,,,False,False,,,True,False,False,0,False,False,False,,True,,False,False,False,False,False,,Last Modified Date,0,,,LastModifiedDate,False,False,False,False,[],False,0,False,,[],,,False,False,0,False,xsd:dateTime,True,datetime,False,False,False
8,True,False,False,18,False,,False,False,,,False,False,,,True,False,False,0,False,False,False,,True,,False,True,False,False,False,,Last Modified By ID,18,,,LastModifiedById,False,False,False,False,[],False,0,False,,['User'],LastModifiedBy,,False,False,0,False,tns:ID,True,reference,False,False,False
9,True,False,False,0,False,,False,False,,,False,False,,,True,False,False,0,False,False,False,,True,,False,False,False,False,False,,System Modstamp,0,,,SystemModstamp,False,False,False,False,[],False,0,False,,[],,,False,False,0,False,xsd:dateTime,True,datetime,False,False,False
10,True,False,False,0,False,,False,False,,,False,False,,,False,False,False,0,False,False,False,,True,,False,True,False,False,False,,Last Activity Date,0,,,LastActivityDate,False,False,True,False,[],False,0,False,,[],,,False,False,0,False,xsd:date,True,date,False,False,False
11,True,False,False,0,False,,False,False,,,False,False,,,False,False,False,0,False,False,False,,True,,False,False,False,False,False,,Last Viewed Date,0,,,LastViewedDate,False,False,True,False,[],False,0,False,,[],,,False,False,0,False,xsd:dateTime,True,datetime,False,False,False
12,True,False,False,0,False,,False,False,,,False,False,,,False,False,False,0,False,False,False,,True,,False,False,False,False,False,,Last Referenced Date,0,,,LastReferencedDate,False,False,True,False,[],False,0,False,,[],,,False,False,0,False,xsd:dateTime,True,datetime,False,False,False
13,True,False,False,0,False,,False,False,,,True,True,,,False,False,False,0,False,False,False,,True,,False,False,False,False,False,,APY,0,,,FinServ__APY__c,False,False,True,True,[],False,5,False,,[],,,False,False,2,False,xsd:double,True,percent,False,True,False
14,True,False,False,240,False,,False,False,,,True,True,,,False,False,False,0,False,False,False,,True,,False,True,False,False,False,,Address 1,80,,,FinServ__Address1__c,False,False,True,True,[],False,0,False,,[],,,False,False,0,False,xsd:string,True,string,False,True,False
15,True,False,False,240,False,,False,False,,,True,True,,,False,False,False,0,False,False,False,,True,,False,True,False,False,False,,Address 2,80,,,FinServ__Address2__c,False,False,True,True,[],False,0,False,,[],,,False,False,0,False,xsd:string,True,string,False,True,False
16,True,False,False,0,False,,False,False,,,True,True,,,False,False,False,0,False,False,False,,True,,False,True,False,False,False,,Application Date,0,,,FinServ__ApplicationDate__c,False,False,True,True,[],False,0,False,,[],,,False,False,0,False,xsd:date,True,date,False,True,False
17,False,False,False,0,False,,False,False,,,True,True,0.0,,True,False,False,0,False,False,False,,True,,False,True,False,False,False,,Asset Rebalance,0,,,FinServ__AssetRebalance__c,False,False,False,True,[],False,0,False,,[],,,False,False,0,False,xsd:boolean,True,boolean,False,True,False
18,True,False,False,0,False,,False,False,,,True,True,,,False,False,False,0,False,False,False,,True,,False,False,False,False,False,,Available Credit,0,,,FinServ__AvailableCredit__c,False,False,True,True,[],False,18,False,,[],,,False,False,2,False,xsd:double,True,currency,False,True,False
19,True,False,False,0,False,,False,False,,,True,True,,0.0,True,False,False,0,False,False,False,,True,,False,False,False,False,False,,Average Balance,0,,,FinServ__AverageBalance__c,False,False,True,True,[],False,18,False,,[],,,False,False,2,False,xsd:double,True,currency,False,True,False
20,True,False,False,0,False,,False,False,,,True,True,,0.0,True,False,False,0,False,False,False,,True,,False,False,False,False,False,,Balance Last Statement,0,,,FinServ__BalanceLastStatement__c,False,False,True,True,[],False,18,False,,[],,,False,False,2,False,xsd:double,True,currency,False,True,False
21,True,False,False,0,False,,False,False,,,True,True,,,False,False,False,0,False,False,False,,True,,False,False,False,False,False,,Balance,0,,,FinServ__Balance__c,False,False,True,True,[],False,18,False,,[],,,False,False,2,False,xsd:double,True,currency,False,True,False
22,True,False,False,0,False,,False,False,,,True,True,,,False,False,False,0,False,False,False,,True,,False,True,False,False,False,,Booked Date,0,,,FinServ__BookedDate__c,False,False,True,True,[],False,0,False,,[],,,False,False,0,False,xsd:date,True,date,False,True,False
23,True,False,False,0,False,,False,False,,,True,True,,,False,False,False,0,False,False,False,,True,,False,False,False,False,False,,Cash Balance,0,,,FinServ__CashBalance__c,False,False,True,True,[],False,18,False,,[],,,False,False,2,False,xsd:double,True,currency,False,True,False
24,True,False,False,0,False,,False,False,,,True,True,,,False,False,False,0,False,False,False,,True,,False,False,False,False,False,,Cash Limit,0,,,FinServ__CashLimit__c,False,False,True,True,[],False,18,False,,[],,,False,False,2,False,xsd:double,True,currency,False,True,False
25,True,False,False,240,False,,False,False,,,True,True,,,False,False,False,0,False,False,False,,True,,False,True,False,False,False,,City,80,,,FinServ__City__c,False,False,True,True,[],False,0,False,,[],,,False,False,0,False,xsd:string,True,string,False,True,False
26,True,False,False,0,False,,False,False,,,True,True,,,False,False,False,0,False,False,False,,True,,False,True,False,False,False,,Date Closed,0,,,FinServ__CloseDate__c,False,False,True,True,[],False,0,False,,[],,,False,False,0,False,xsd:date,True,date,False,True,False
27,True,False,False,765,False,,False,False,,,True,True,,,False,False,False,0,False,False,False,,True,,False,True,False,False,False,,Closure Reason,255,,,FinServ__ClosureReason__c,False,False,True,True,"[{'active': True, 'defaultValue': False, 'label': 'Account Maintenance Fees', 'validFor': None, 'value': 'Account Maintenance Fees'}, {'active': True, 'defaultValue': False, 'label': 'Account no longer needed', 'validFor': None, 'value': 'Account no longer needed'}, {'active': True, 'defaultValue': False, 'label': 'Moved out of the country', 'validFor': None, 'value': 'Moved out of the country'}, {'active': True, 'defaultValue': False, 'label': 'Not able to maintain account', 'validFor': None, 'value': 'Not able to maintain account'}, {'active': True, 'defaultValue': False, 'label': 'Others', 'validFor': None, 'value': 'Others'}]",False,0,False,,[],,,False,True,0,False,xsd:string,True,picklist,False,True,False
28,True,False,False,765,False,,False,False,,,True,True,,,False,False,False,0,False,False,False,,True,,False,True,False,False,False,,Collateral Description,255,,,FinServ__CollateralDesc__c,False,False,True,True,[],False,0,False,,[],,,False,False,0,False,xsd:string,True,string,False,True,False
29,True,False,False,240,False,,False,False,,,True,True,,,False,False,False,0,False,False,False,,True,,False,True,False,False,False,,Country,80,,,FinServ__Country__c,False,False,True,True,[],False,0,False,,[],,,False,False,0,False,xsd:string,True,string,False,True,False
30,True,False,False,0,True,"IF( CreatedBy.Id  = $User.Id , 1 , 0)",False,False,,,False,True,,,False,False,False,0,False,False,False,,True,,True,False,False,False,False,,Created By Me,0,,,FinServ__CreatedByMe__c,False,False,True,True,[],False,18,False,,[],,,False,False,0,False,xsd:double,True,double,False,False,False
31,True,False,False,0,False,,False,False,,,True,True,,,False,False,False,0,False,False,False,,True,,False,False,False,False,False,,Current Posted Balance,0,,,FinServ__CurrentPostedBalance__c,False,False,True,True,[],False,18,False,,[],,,False,False,2,False,xsd:double,True,currency,False,True,False
32,True,False,False,0,False,,False,False,,,True,True,,,False,False,False,0,False,False,False,,True,,False,False,False,False,False,,Daily Withdrawal Limit,0,,,FinServ__DailyWithdrawalLimit__c,False,False,True,True,[],False,18,False,,[],,,False,False,2,False,xsd:double,True,currency,False,True,False
33,True,False,False,765,False,,False,False,,,True,True,,,False,False,False,0,False,False,False,plaintextarea,True,,False,True,False,False,False,,Description,255,,,FinServ__Description__c,False,False,True,True,[],False,0,False,,[],,,False,False,0,False,xsd:string,True,textarea,False,True,False
34,False,False,False,0,False,,False,False,,,True,True,0.0,,True,False,False,0,False,False,False,,True,,False,True,False,False,False,,Discretionary,0,,,FinServ__Discretionary__c,False,False,False,True,[],False,0,False,,[],,,False,False,0,False,xsd:boolean,True,boolean,False,True,False
35,True,False,False,0,False,,False,False,,,True,True,,,False,False,False,0,False,False,False,,True,,False,False,False,False,False,,Draw Period(months),0,,,FinServ__DrawPeriodMonths__c,False,False,True,True,[],False,3,False,,[],,,False,False,0,False,xsd:double,True,double,False,True,False
36,True,False,False,0,False,,False,False,,,True,True,,,False,False,False,0,False,False,False,,True,,False,False,False,False,False,,Escrow Balance,0,,,FinServ__EscrowBalance__c,False,False,True,True,[],False,18,False,,[],,,False,False,2,False,xsd:double,True,currency,False,True,False
37,True,False,False,0,False,,False,False,,,True,True,,,False,False,False,0,False,False,False,,True,,False,True,False,False,False,,Expected Close Date,0,,,FinServ__ExpectedCloseDate__c,False,False,True,True,[],False,0,False,,[],,,False,False,0,False,xsd:date,True,date,False,True,False
38,True,False,False,18,False,,False,False,,,True,True,,,False,False,False,0,False,False,False,,True,,False,True,False,False,False,,Charges And Fees,18,,,FinServ__FinancialAccountChargesAndFees__c,False,False,True,True,[],False,0,False,,['FinServ__ChargesAndFees__c'],FinServ__FinancialAccountChargesAndFees__r,,False,False,0,True,tns:ID,True,reference,False,True,False
39,True,False,False,240,False,,False,False,,,True,True,,,False,False,False,0,False,False,True,,True,,False,True,False,False,True,,Account Number,80,,,FinServ__FinancialAccountNumber__c,False,False,True,True,[],False,0,False,,[],,,False,False,0,False,xsd:string,True,string,False,True,False
40,True,False,False,765,False,,False,False,,,True,True,,,False,False,False,0,False,False,False,,True,,False,True,False,False,False,,Source,255,,,FinServ__FinancialAccountSource__c,False,False,True,True,"[{'active': True, 'defaultValue': False, 'label': 'Integrator', 'validFor': None, 'value': 'Integrator'}, {'active': True, 'defaultValue': False, 'label': 'Pending', 'validFor': None, 'value': 'Pending'}, {'active': True, 'defaultValue': False, 'label': 'Manual Entry', 'validFor': None, 'value': 'Manual Entry'}]",False,0,False,,[],,,False,False,0,False,xsd:string,True,picklist,False,True,False
41,True,False,False,765,False,,False,False,,,True,True,,,False,False,False,0,False,False,False,,True,,False,True,False,False,False,,Type,255,,,FinServ__FinancialAccountType__c,False,False,True,True,"[{'active': True, 'defaultValue': False, 'label': 'Brokerage', 'validFor': None, 'value': 'Brokerage'}, {'active': True, 'defaultValue': False, 'label': 'Discount Brokerage', 'validFor': None, 'value': 'Discount Brokerage'}, {'active': True, 'defaultValue': False, 'label': 'CD', 'validFor': None, 'value': 'CD'}, {'active': True, 'defaultValue': False, 'label': 'Checking', 'validFor': None, 'value': 'Checking'}, {'active': True, 'defaultValue': False, 'label': 'Cash Management Account', 'validFor': None, 'value': 'Cash Management Account'}, {'active': True, 'defaultValue': False, 'label': 'Credit Card', 'validFor': None, 'value': 'Credit Card'}, {'active': True, 'defaultValue': False, 'label': 'Savings', 'validFor': None, 'value': 'Savings'}, {'active': True, 'defaultValue': False, 'label': 'Mutual Fund', 'validFor': None, 'value': 'Mutual Fund'}, {'active': True, 'defaultValue': False, 'label': 'Fixed Annuity', 'validFor': None, 'value': 'Fixed Annuity'}, {'active': True, 'defaultValue': False, 'label': 'Variable Annuity', 'validFor': None, 'value': 'Variable Annuity'}, {'active': True, 'defaultValue': False, 'label': 'Managed Account', 'validFor': None, 'value': 'Managed Account'}, {'active': True, 'defaultValue': False, 'label': 'Individual Life', 'validFor': None, 'value': 'Individual Life'}, {'active': True, 'defaultValue': False, 'label': 'Term Life', 'validFor': None, 'value': 'Term Life'}, {'active': True, 'defaultValue': False, 'label': 'Variable Life', 'validFor': None, 'value': 'Variable Life'}, {'active': True, 'defaultValue': False, 'label': 'Whole Life', 'validFor': None, 'value': 'Whole Life'}]",False,0,False,,[],,,False,False,0,False,xsd:string,True,picklist,False,True,False
42,True,False,False,765,False,,False,False,,,True,True,,,False,False,False,0,False,False,False,,True,,False,True,False,False,False,,Hardware Serial,255,,,FinServ__HardwareSerial__c,False,False,True,True,[],False,0,False,,[],,,False,False,0,False,xsd:string,True,string,False,True,False
43,False,False,False,0,False,,False,False,,,True,True,0.0,,True,False,False,0,False,False,False,,True,,False,True,False,False,False,,Held Away,0,,,FinServ__HeldAway__c,False,False,False,True,[],False,0,False,,[],,,False,False,0,False,xsd:boolean,True,boolean,False,True,False
44,True,False,False,18,False,,False,False,,,True,True,,,False,False,False,0,False,False,False,,True,,False,True,False,False,False,,Household,18,,,FinServ__Household__c,False,False,True,True,[],False,0,False,,['Account'],FinServ__Household__r,,False,False,0,True,tns:ID,True,reference,False,True,False
45,True,False,False,0,False,,False,False,,,True,True,,,False,False,False,0,False,False,False,,True,,False,False,False,False,False,,Incoming Volume,0,,,FinServ__IncomingVolume__c,False,False,True,True,[],False,18,False,,[],,,False,False,0,False,xsd:double,True,double,False,True,False
46,True,False,False,0,False,,False,False,,,True,True,,,False,False,False,0,False,False,False,,True,,False,False,False,False,False,,Insured Amount,0,,,FinServ__InsuredAmount__c,False,False,True,True,[],False,18,False,,[],,,False,False,2,False,xsd:double,True,currency,False,True,False
47,True,False,False,0,False,,False,False,,,True,True,,,False,False,False,0,False,False,False,,True,,False,False,False,False,False,,Interest Rate,0,,,FinServ__InterestRate__c,False,False,True,True,[],False,5,False,,[],,,False,False,2,False,xsd:double,True,percent,False,True,False
48,False,False,False,4099,False,,False,False,,,True,True,,,False,False,False,0,False,False,False,,True,,False,False,False,False,False,,Investment Objectives,4099,,,FinServ__InvestmentObjectives__c,False,False,True,True,"[{'active': True, 'defaultValue': False, 'label': 'Safety', 'validFor': None, 'value': 'Safety'}, {'active': True, 'defaultValue': False, 'label': 'Income', 'validFor': None, 'value': 'Income'}, {'active': True, 'defaultValue': False, 'label': 'Growth', 'validFor': None, 'value': 'Growth'}, {'active': True, 'defaultValue': False, 'label': 'Tax Optimization', 'validFor': None, 'value': 'Tax Optimization'}, {'active': True, 'defaultValue': False, 'label': 'Liquidity', 'validFor': None, 'value': 'Liquidity'}]",False,4,False,,[],,,False,False,0,False,xsd:string,False,multipicklist,False,True,False
49,True,False,False,18,False,,False,False,,,True,True,,,False,False,False,0,False,False,False,,True,"{'controllingFields': [], 'dependent': False, 'optionalFilter': False}",False,True,False,False,False,,Joint Owner,18,,,FinServ__JointOwner__c,False,False,True,True,[],False,0,False,,['Account'],FinServ__JointOwner__r,,False,False,0,True,tns:ID,True,reference,False,True,False
50,True,False,False,0,False,,False,False,,,True,True,,,False,False,False,0,False,False,False,,True,,False,False,False,False,False,,Last Transaction Date,0,,,FinServ__LastTransactionDate__c,False,False,True,True,[],False,0,False,,[],,,False,False,0,False,xsd:dateTime,True,datetime,False,True,False
51,True,False,False,0,False,,False,False,,,True,True,,,False,False,False,0,False,False,False,,True,,False,True,False,False,False,,Last Updated,0,,,FinServ__LastUpdated__c,False,False,True,True,[],False,0,False,,[],,,False,False,0,False,xsd:date,True,date,False,True,False
52,True,False,False,600,False,,False,False,,,True,True,,,False,False,False,0,False,False,False,,True,,False,True,False,False,False,,Lien Holder,200,,,FinServ__LienHolder__c,False,False,True,True,[],False,0,False,,[],,,False,False,0,False,xsd:string,True,string,False,True,False
53,True,False,False,0,False,,False,False,,,True,True,,,False,False,False,0,False,False,False,,True,,False,False,False,False,False,,Loan Amount,0,,,FinServ__LoanAmount__c,False,False,True,True,[],False,18,False,,[],,,False,False,2,False,xsd:double,True,currency,False,True,False
54,True,False,False,0,False,,False,False,,,True,True,,,False,False,False,0,False,False,False,,True,,False,True,False,False,False,,Loan End Date,0,,,FinServ__LoanEndDate__c,False,False,True,True,[],False,0,False,,[],,,False,False,0,False,xsd:date,True,date,False,True,False
55,True,False,False,0,False,,False,False,,,True,True,,,False,False,False,0,False,False,False,,True,,False,False,False,False,False,,Loan Term(months),0,,,FinServ__LoanTermMonths__c,False,False,True,True,[],False,3,False,,[],,,False,False,0,False,xsd:double,True,double,False,True,False
56,False,False,False,0,False,,False,False,,,True,True,0.0,,True,False,False,0,False,False,False,,True,,False,True,False,False,False,,Managed,0,,,FinServ__Managed__c,False,False,False,True,[],False,0,False,,[],,,False,False,0,False,xsd:boolean,True,boolean,False,True,False
57,True,False,False,0,False,,False,False,,,True,True,,0.0,True,False,False,0,False,False,False,,True,,False,False,False,False,False,,Minimum Balance,0,,,FinServ__MinimumBalance__c,False,False,True,True,[],False,18,False,,[],,,False,False,2,False,xsd:double,True,currency,False,True,False
58,True,False,False,0,False,,False,False,,,True,True,,0.0,True,False,False,0,False,False,False,,True,,False,False,False,False,False,,Minimum Payment,0,,,FinServ__MinimumPayment__c,False,False,True,True,[],False,18,False,,[],,,False,False,2,False,xsd:double,True,currency,False,True,False
59,True,False,False,765,False,,False,False,,,True,True,,,False,False,False,0,False,False,False,,True,,False,True,False,False,False,,Model Portfolio,255,,,FinServ__ModelPortfolio__c,False,False,True,True,"[{'active': True, 'defaultValue': False, 'label': 'Conservative', 'validFor': None, 'value': 'Conservative'}, {'active': True, 'defaultValue': False, 'label': 'Moderate', 'validFor': None, 'value': 'Moderate'}, {'active': True, 'defaultValue': False, 'label': 'Balanced', 'validFor': None, 'value': 'Balanced'}, {'active': True, 'defaultValue': False, 'label': 'Growth', 'validFor': None, 'value': 'Growth'}, {'active': True, 'defaultValue': False, 'label': 'Aggressive', 'validFor': None, 'value': 'Aggressive'}]",False,0,False,,[],,,False,False,0,False,xsd:string,True,picklist,False,True,False
60,True,False,False,0,False,,False,False,,,True,True,,,False,False,False,0,False,False,False,,True,,False,True,False,False,False,,Next Statement Date,0,,,FinServ__NextStatementDate__c,False,False,True,True,[],False,0,False,,[],,,False,False,0,False,xsd:date,True,date,False,True,False
61,True,False,False,240,False,,False,False,,,True,True,,,False,False,False,0,False,False,False,,True,,False,True,False,False,False,,Nickname,80,,,FinServ__Nickname__c,False,False,True,True,[],False,0,False,,[],,,False,False,0,False,xsd:string,True,string,False,True,False
62,True,False,False,0,False,,False,False,,,True,True,,,False,False,False,0,False,False,False,,True,,False,True,False,False,False,,Date Opened,0,,,FinServ__OpenDate__c,False,False,True,True,[],False,0,False,,[],,,False,False,0,False,xsd:date,True,date,False,True,False
63,True,False,False,0,False,,False,False,,,True,True,,,False,False,False,0,False,False,False,,True,,False,False,False,False,False,,Outgoing Volume,0,,,FinServ__OutgoingVolume__c,False,False,True,True,[],False,18,False,,[],,,False,False,0,False,xsd:double,True,double,False,True,False
64,False,False,False,0,False,,False,False,,,True,True,0.0,,True,False,False,0,False,False,False,,True,,False,True,False,False,False,,OverdraftAllowed,0,,,FinServ__OverdraftAllowed__c,False,False,False,True,[],False,0,False,,[],,,False,False,0,False,xsd:boolean,True,boolean,False,True,False
65,True,False,False,18,False,,False,False,,,True,True,,,False,False,False,0,False,False,False,,True,,False,True,False,False,False,,Overdraft/Linked Account,18,,,FinServ__OverdraftLinkedAccount__c,False,False,True,True,[],False,0,False,,['Account'],FinServ__OverdraftLinkedAccount__r,,False,False,0,True,tns:ID,True,reference,False,True,False
66,False,False,False,0,False,,False,False,,,True,True,0.0,,True,False,False,0,False,False,False,,True,,False,True,False,False,False,,Overdraft Protection,0,,,FinServ__OverdraftProtection__c,False,False,False,True,[],False,0,False,,[],,,False,False,0,False,xsd:boolean,True,boolean,False,True,False
67,True,False,False,54,False,,False,False,,,True,True,,,False,False,False,0,False,False,False,,True,,False,True,False,False,False,,Owner Type,18,,,FinServ__OwnerType__c,False,False,True,True,[],False,0,False,,[],,,False,False,0,False,xsd:string,True,string,False,True,False
68,True,False,False,765,False,,False,False,,,True,True,,,False,False,False,0,False,False,False,,True,,False,True,False,False,False,,Ownership,255,,,FinServ__Ownership__c,False,False,True,True,"[{'active': True, 'defaultValue': False, 'label': 'Individual', 'validFor': None, 'value': 'Individual'}, {'active': True, 'defaultValue': False, 'label': 'Joint', 'validFor': None, 'value': 'Joint'}, {'active': True, 'defaultValue': False, 'label': 'Trust', 'validFor': None, 'value': 'Trust'}]",False,0,False,,[],,,False,False,0,False,xsd:string,True,picklist,False,True,False
69,False,False,False,0,False,,False,False,,,True,True,0.0,,True,False,False,0,False,False,False,,True,,False,True,False,False,False,,Paperless Delivery,0,,,FinServ__PaperlessDelivery__c,False,False,False,True,[],False,0,False,,[],,,False,False,0,False,xsd:boolean,True,boolean,False,True,False
70,True,False,False,0,False,,False,False,,,True,True,,0.0,True,False,False,0,False,False,False,,True,,False,False,False,False,False,,Payment Amount,0,,,FinServ__PaymentAmount__c,False,False,True,True,[],False,18,False,,[],,,False,False,2,False,xsd:double,True,currency,False,True,False
71,True,False,False,0,False,,False,False,,,True,True,,,False,False,False,0,False,False,False,,True,,False,True,False,False,False,,Payment Due Date,0,,,FinServ__PaymentDueDate__c,False,False,True,True,[],False,0,False,,[],,,False,False,0,False,xsd:date,True,date,False,True,False
72,True,False,False,765,False,,False,False,,,True,True,,,False,False,False,0,False,False,False,,True,,False,True,False,False,False,,Payment Frequency,255,,,FinServ__PaymentFrequency__c,False,False,True,True,"[{'active': True, 'defaultValue': False, 'label': 'Weekly', 'validFor': None, 'value': 'Weekly'}, {'active': True, 'defaultValue': False, 'label': 'Biweekly', 'validFor': None, 'value': 'Biweekly'}, {'active': True, 'defaultValue': False, 'label': 'Monthly', 'validFor': None, 'value': 'Monthly'}, {'active': True, 'defaultValue': False, 'label': 'Quaterly', 'validFor': None, 'value': 'Quaterly'}, {'active': True, 'defaultValue': False, 'label': 'Semiannual', 'validFor': None, 'value': 'Semiannual'}, {'active': True, 'defaultValue': False, 'label': 'Annual', 'validFor': None, 'value': 'Annual'}]",False,0,False,,[],,,False,True,0,False,xsd:string,True,picklist,False,True,False
73,True,False,False,0,False,,False,False,,,True,True,,,False,False,False,0,False,False,False,,True,,False,False,False,False,False,,Pending Deposits,0,,,FinServ__PendingDeposits__c,False,False,True,True,[],False,18,False,,[],,,False,False,2,False,xsd:double,True,currency,False,True,False
74,True,False,False,0,False,,False,False,,,True,True,,,False,False,False,0,False,False,False,,True,,False,False,False,False,False,,Pending Withdrawals,0,,,FinServ__PendingWithdrawals__c,False,False,True,True,[],False,18,False,,[],,,False,False,2,False,xsd:double,True,currency,False,True,False
75,True,False,False,0,False,,False,False,,,True,True,,,False,False,False,0,False,False,False,,True,,False,False,False,False,False,,Performance 1Yr,0,,,FinServ__Performance1Yr__c,False,False,True,True,[],False,5,False,,[],,,False,False,2,False,xsd:double,True,percent,False,True,False
76,True,False,False,0,False,,False,False,,,True,True,,,False,False,False,0,False,False,False,,True,,False,False,False,False,False,,Performance 3Yr,0,,,FinServ__Performance3Yr__c,False,False,True,True,[],False,5,False,,[],,,False,False,2,False,xsd:double,True,percent,False,True,False
77,True,False,False,0,False,,False,False,,,True,True,,,False,False,False,0,False,False,False,,True,,False,False,False,False,False,,Performance MTD,0,,,FinServ__PerformanceMTD__c,False,False,True,True,[],False,5,False,,[],,,False,False,2,False,xsd:double,True,percent,False,True,False
78,True,False,False,0,False,,False,False,,,True,True,,,False,False,False,0,False,False,False,,True,,False,False,False,False,False,,Performance QTD,0,,,FinServ__PerformanceQTD__c,False,False,True,True,[],False,5,False,,[],,,False,False,2,False,xsd:double,True,percent,False,True,False
79,True,False,False,0,False,,False,False,,,True,True,,,False,False,False,0,False,False,False,,True,,False,False,False,False,False,,Performance YTD,0,,,FinServ__PerformanceYTD__c,False,False,True,True,[],False,5,False,,[],,,False,False,2,False,xsd:double,True,percent,False,True,False
80,True,False,False,765,False,,False,False,,,True,True,,,False,False,False,0,False,False,False,,True,,False,True,False,False,False,,Policy Term,255,,,FinServ__PolicyTerm__c,False,False,True,True,"[{'active': True, 'defaultValue': False, 'label': '6 Months', 'validFor': None, 'value': '6 Months'}, {'active': True, 'defaultValue': False, 'label': '1 Year', 'validFor': None, 'value': '1 Year'}, {'active': True, 'defaultValue': False, 'label': '2 Years', 'validFor': None, 'value': '2 Years'}, {'active': True, 'defaultValue': False, 'label': '3 Years', 'validFor': None, 'value': '3 Years'}]",False,0,False,,[],,,False,True,0,False,xsd:string,True,picklist,False,True,False
81,True,False,False,60,False,,False,False,,,True,True,,,False,False,False,0,False,False,False,,True,,False,True,False,False,False,,Postal Code,20,,,FinServ__PostalCode__c,False,False,True,True,[],False,0,False,,[],,,False,False,0,False,xsd:string,True,string,False,True,False
82,True,False,False,0,False,,False,False,,,True,True,,,False,False,False,0,False,False,False,,True,,False,False,False,False,False,,Premium,0,,,FinServ__Premium__c,False,False,True,True,[],False,18,False,,[],,,False,False,2,False,xsd:double,True,currency,False,True,False
83,True,False,False,18,False,,False,False,,,True,True,,,False,False,False,0,False,False,False,,True,"{'controllingFields': [], 'dependent': False, 'optionalFilter': False}",False,True,False,False,False,,Primary Owner,18,,,FinServ__PrimaryOwner__c,False,False,False,False,[],False,0,False,,['Account'],FinServ__PrimaryOwner__r,,True,False,0,True,tns:ID,True,reference,False,True,False
84,True,False,False,0,False,,False,False,,,True,True,,,False,False,False,0,False,False,False,,True,,False,False,False,False,False,,Principal Balance,0,,,FinServ__PrincipalBalance__c,False,False,True,True,[],False,18,False,,[],,,False,False,2,False,xsd:double,True,currency,False,True,False
85,True,False,False,18,False,,False,False,,,True,True,,,False,False,False,0,False,False,False,,True,,False,True,False,False,False,,Product Name,18,,,FinServ__ProductName__c,False,False,True,True,[],False,0,False,,['Product2'],FinServ__ProductName__r,,False,False,0,True,tns:ID,True,reference,False,True,False
86,True,False,False,765,False,,False,False,,,True,True,,,False,False,False,0,False,False,False,,True,,False,True,False,False,False,,Rebalance Frequency,255,,,FinServ__RebalanceFrequency__c,False,False,True,True,"[{'active': True, 'defaultValue': False, 'label': 'Monthly', 'validFor': None, 'value': 'Monthly'}, {'active': True, 'defaultValue': False, 'label': 'Quarterly', 'validFor': None, 'value': 'Quarterly'}, {'active': True, 'defaultValue': False, 'label': 'Semiannually', 'validFor': None, 'value': 'Semiannually'}, {'active': True, 'defaultValue': False, 'label': 'Annually', 'validFor': None, 'value': 'Annually'}]",False,0,False,,[],,,False,False,0,False,xsd:string,True,picklist,False,True,False
87,True,False,False,3900,True,RecordType.Name,False,False,,,False,True,,,False,False,False,0,False,False,False,,True,,True,False,False,False,False,,Record Type,1300,,,FinServ__RecordTypeName__c,False,False,True,True,[],False,0,False,,[],,,False,False,0,False,xsd:string,True,string,False,False,False
88,True,False,False,0,False,,False,False,,,True,True,,,False,False,False,0,False,False,False,,True,,False,True,False,False,False,,Renewal Date,0,,,FinServ__RenewalDate__c,False,False,True,True,[],False,0,False,,[],,,False,False,0,False,xsd:date,True,date,False,True,False
89,True,False,False,0,False,,False,False,,,True,True,,,False,False,False,0,False,False,False,,True,,False,False,False,False,False,,Repayment Period(months),0,,,FinServ__RepaymentPeriodMonths__c,False,False,True,True,[],False,3,False,,[],,,False,False,0,False,xsd:double,True,double,False,True,False
90,True,False,False,120,False,,False,False,,,True,True,,,False,False,False,0,False,False,False,,True,,False,True,False,False,False,,RoutingNumber,40,,,FinServ__RoutingNumber__c,False,False,True,True,[],False,0,False,,[],,,False,False,0,False,xsd:string,True,string,False,True,False
91,True,False,False,240,False,,False,False,,,True,True,,,False,False,False,0,False,False,False,,True,,False,True,False,False,False,,Service Provider,80,,,FinServ__ServiceProvider__c,False,False,True,True,[],False,0,False,,[],,,False,False,0,False,xsd:string,True,string,False,True,False
92,True,False,False,765,False,,False,False,,,True,True,,,False,False,False,0,False,False,False,,True,,False,True,False,False,False,,Service Type,255,,,FinServ__ServiceType__c,False,False,True,True,"[{'active': True, 'defaultValue': False, 'label': 'Merchant Services', 'validFor': None, 'value': 'Merchant Services'}, {'active': True, 'defaultValue': False, 'label': 'Lockbox', 'validFor': None, 'value': 'Lockbox'}, {'active': True, 'defaultValue': False, 'label': 'Positive Pay', 'validFor': None, 'value': 'Positive Pay'}, {'active': True, 'defaultValue': False, 'label': 'Business Bill Pay', 'validFor': None, 'value': 'Business Bill Pay'}, {'active': True, 'defaultValue': False, 'label': 'Wire Transfer', 'validFor': None, 'value': 'Wire Transfer'}, {'active': True, 'defaultValue': False, 'label': 'ACH', 'validFor': None, 'value': 'ACH'}, {'active': True, 'defaultValue': False, 'label': 'Account Analysis', 'validFor': None, 'value': 'Account Analysis'}, {'active': True, 'defaultValue': False, 'label': 'Remote Deposit Capture', 'validFor': None, 'value': 'Remote Deposit Capture'}, {'active': True, 'defaultValue': False, 'label': 'Purchase Cards', 'validFor': None, 'value': 'Purchase Cards'}, {'active': True, 'defaultValue': False, 'label': 'Credit Cards', 'validFor': None, 'value': 'Credit Cards'}, {'active': True, 'defaultValue': False, 'label': 'Zero Balance Account', 'validFor': None, 'value': 'Zero Balance Account'}, {'active': True, 'defaultValue': False, 'label': 'Bill Presentment', 'validFor': None, 'value': 'Bill Presentment'}, {'active': True, 'defaultValue': False, 'label': 'Controlled Disbursement', 'validFor': None, 'value': 'Controlled Disbursement'}, {'active': True, 'defaultValue': False, 'label': 'Sweep to Repo', 'validFor': None, 'value': 'Sweep to Repo'}, {'active': True, 'defaultValue': False, 'label': 'Sweep to Line', 'validFor': None, 'value': 'Sweep to Line'}]",False,0,False,,[],,,False,True,0,False,xsd:string,True,picklist,False,True,False
93,True,False,False,300,False,,False,False,,,True,True,,,False,False,False,0,False,False,True,,True,,False,True,False,False,True,,Source System ID,100,,,FinServ__SourceSystemId__c,False,False,True,True,[],False,0,False,,[],,,False,False,0,False,xsd:string,True,string,False,True,False
94,True,False,False,765,False,,False,False,,,True,True,,,False,False,False,0,False,False,False,,True,,False,True,False,False,False,,Stage,255,,,FinServ__Stage__c,False,False,True,True,"[{'active': True, 'defaultValue': False, 'label': 'Qualification', 'validFor': None, 'value': 'Qualification'}, {'active': True, 'defaultValue': False, 'label': 'Underwriting', 'validFor': None, 'value': 'Underwriting'}, {'active': True, 'defaultValue': False, 'label': 'Proposal', 'validFor': None, 'value': 'Proposal'}, {'active': True, 'defaultValue': False, 'label': 'Approval/Loan committee', 'validFor': None, 'value': 'Approval/Loan committee'}, {'active': True, 'defaultValue': False, 'label': 'Processing', 'validFor': None, 'value': 'Processing'}, {'active': True, 'defaultValue': False, 'label': 'Doc Prep', 'validFor': None, 'value': 'Doc Prep'}, {'active': True, 'defaultValue': False, 'label': 'Doc Review', 'validFor': None, 'value': 'Doc Review'}, {'active': True, 'defaultValue': False, 'label': 'Closing', 'validFor': None, 'value': 'Closing'}, {'active': True, 'defaultValue': False, 'label': 'Booked', 'validFor': None, 'value': 'Booked'}, {'active': True, 'defaultValue': False, 'label': 'Complete', 'validFor': None, 'value': 'Complete'}, {'active': True, 'defaultValue': False, 'label': 'Hold', 'validFor': None, 'value': 'Hold'}, {'active': True, 'defaultValue': False, 'label': 'Dormant', 'validFor': None, 'value': 'Dormant'}, {'active': True, 'defaultValue': False, 'label': 'Active', 'validFor': None, 'value': 'Active'}, {'active': True, 'defaultValue': False, 'label': 'Escheat', 'validFor': None, 'value': 'Escheat'}, {'active': True, 'defaultValue': False, 'label': 'Closed', 'validFor': None, 'value': 'Closed'}, {'active': True, 'defaultValue': False, 'label': 'Charged off', 'validFor': None, 'value': 'Charged off'}, {'active': True, 'defaultValue': False, 'label': 'Ordered', 'validFor': None, 'value': 'Ordered'}, {'active': True, 'defaultValue': False, 'label': 'Setup Complete', 'validFor': None, 'value': 'Setup Complete'}]",False,0,False,,[],,,False,False,0,False,xsd:string,True,picklist,False,True,False
95,True,False,False,60,False,,False,False,,,True,True,,,False,False,False,0,False,False,False,,True,,False,True,False,False,False,,State,20,,,FinServ__State__c,False,False,True,True,[],False,0,False,,[],,,False,False,0,False,xsd:string,True,string,False,True,False
96,True,False,False,765,False,,False,False,,,True,True,,,False,False,False,0,False,False,False,,True,,False,True,False,False,False,,Statement Frequency,255,,,FinServ__StatementFrequency__c,False,False,True,True,"[{'active': True, 'defaultValue': False, 'label': 'Monthly', 'validFor': None, 'value': 'Monthly'}, {'active': True, 'defaultValue': False, 'label': 'Biweekly', 'validFor': None, 'value': 'Biweekly'}, {'active': True, 'defaultValue': False, 'label': 'Quarterly', 'validFor': None, 'value': 'Quarterly'}, {'active': True, 'defaultValue': False, 'label': 'Yearly', 'validFor': None, 'value': 'Yearly'}]",False,0,False,,[],,,False,True,0,False,xsd:string,True,picklist,False,True,False
97,True,False,False,765,False,,False,False,,,True,True,,,False,False,False,0,False,False,False,,True,,False,True,False,False,False,,Status,255,,,FinServ__Status__c,False,False,True,True,"[{'active': True, 'defaultValue': False, 'label': 'Open', 'validFor': None, 'value': 'Open'}, {'active': True, 'defaultValue': False, 'label': 'Closed', 'validFor': None, 'value': 'Closed'}, {'active': True, 'defaultValue': False, 'label': 'On Hold', 'validFor': None, 'value': 'On Hold'}, {'active': True, 'defaultValue': False, 'label': 'Pending', 'validFor': None, 'value': 'Pending'}, {'active': True, 'defaultValue': False, 'label': 'Charge-off', 'validFor': None, 'value': 'Charge-off'}, {'active': True, 'defaultValue': False, 'label': 'Declined', 'validFor': None, 'value': 'Declined'}, {'active': True, 'defaultValue': False, 'label': 'Lost', 'validFor': None, 'value': 'Lost'}, {'active': True, 'defaultValue': False, 'label': 'Paid out', 'validFor': None, 'value': 'Paid out'}, {'active': True, 'defaultValue': False, 'label': 'Withdrawn', 'validFor': None, 'value': 'Withdrawn'}, {'active': True, 'defaultValue': False, 'label': 'Active', 'validFor': None, 'value': 'Active'}, {'active': True, 'defaultValue': False, 'label': 'Expired', 'validFor': None, 'value': 'Expired'}, {'active': True, 'defaultValue': False, 'label': 'Cancelled', 'validFor': None, 'value': 'Cancelled'}]",False,0,False,,[],,,False,False,0,False,xsd:string,True,picklist,False,True,False
98,True,False,False,0,False,,False,False,,,True,True,,,False,False,False,0,False,False,False,,True,,False,False,False,False,False,,Target Limit,0,,,FinServ__TargetLimit__c,False,False,True,True,[],False,18,False,,[],,,False,False,0,False,xsd:double,True,double,False,True,False
99,True,False,False,240,False,,False,False,,,True,True,,,False,False,False,0,False,False,False,,True,,False,True,False,False,False,,Tax ID,80,,,FinServ__TaxID__c,False,False,True,True,[],False,0,False,,[],,,False,False,0,False,xsd:string,True,string,False,True,False
100,True,False,False,765,False,,False,False,,,True,True,,,False,False,False,0,False,False,False,,True,,False,True,False,False,False,,Tax Status,255,,,FinServ__TaxStatus__c,False,False,True,True,"[{'active': True, 'defaultValue': False, 'label': 'Qualified', 'validFor': None, 'value': 'Qualified'}, {'active': True, 'defaultValue': False, 'label': 'Nonqualified', 'validFor': None, 'value': 'Nonqualified'}]",False,0,False,,[],,,False,False,0,False,xsd:string,True,picklist,False,True,False
101,True,False,False,765,False,,False,False,,,True,True,,,False,False,False,0,False,False,False,,True,,False,True,False,False,False,,Time Horizon,255,,,FinServ__TimeHorizon__c,False,False,True,True,"[{'active': True, 'defaultValue': False, 'label': 'Long Term', 'validFor': None, 'value': 'Long Term'}, {'active': True, 'defaultValue': False, 'label': 'Medium Term', 'validFor': None, 'value': 'Medium Term'}, {'active': True, 'defaultValue': False, 'label': 'Short Term', 'validFor': None, 'value': 'Short Term'}]",False,0,False,,[],,,False,False,0,False,xsd:string,True,picklist,False,True,False
102,True,False,False,0,False,,False,False,,,True,True,,,False,False,False,0,False,False,False,,True,,False,False,False,False,False,,Total Credit Limit,0,,,FinServ__TotalCreditLimit__c,False,False,True,True,[],False,18,False,,[],,,False,False,2,False,xsd:double,True,currency,False,True,False
103,True,False,False,765,False,,False,False,,,True,True,,,False,False,False,0,False,False,False,,True,,False,True,False,False,False,,Type,255,,,FinServ__Type__c,False,False,True,True,"[{'active': True, 'defaultValue': False, 'label': 'Single Family home', 'validFor': None, 'value': 'Single Family home'}, {'active': True, 'defaultValue': False, 'label': 'Town home', 'validFor': None, 'value': 'Town home'}, {'active': True, 'defaultValue': False, 'label': 'Leased', 'validFor': None, 'value': 'Leased'}, {'active': True, 'defaultValue': False, 'label': 'Owned', 'validFor': None, 'value': 'Owned'}]",False,0,False,,[],,,False,True,0,False,xsd:string,True,picklist,False,True,False
104,True,False,False,0,True,,False,False,,,False,True,,,False,False,False,0,False,False,False,,True,,False,False,False,False,False,,Number of Holdings,0,,,FinServ__HoldingCount__c,False,False,True,True,[],False,18,False,,[],,,False,False,0,False,xsd:double,True,double,False,False,False
105,True,False,False,18,False,,False,False,,,True,True,,,False,False,False,0,False,False,False,,True,,False,True,False,False,False,,Plan,18,,,Plan__c,False,False,True,True,[],False,0,False,,['Plan__c'],Plan__r,,False,False,0,True,tns:ID,True,reference,False,True,False
106,True,False,False,3900,True,Plan__r.Plan_Status__c,False,False,,,False,True,,,False,False,False,0,False,False,False,,True,,False,False,False,False,False,,Plan Status,1300,,,Plan_Status__c,False,False,True,True,[],False,0,False,,[],,,False,False,0,False,xsd:string,True,string,False,False,False
107,True,False,False,3900,True,Plan__r.PlanNumber__c,False,False,,,False,True,,,False,False,False,0,False,False,False,,True,,False,False,False,False,False,,Plan Number,1300,,,Plan_Number__c,False,False,True,True,[],False,0,False,,[],,,False,False,0,False,xsd:string,True,string,False,False,False
108,True,False,False,3900,True,Plan__r.Plan_Name__c,False,False,,,False,True,,,False,False,False,0,False,False,False,,True,,False,False,False,False,False,,Plan Name,1300,,,Plan_Name__c,False,False,True,True,[],False,0,False,,[],,,False,False,0,False,xsd:string,True,string,False,False,False
109,True,False,False,3900,True,Plan__r.Plan_Sponsor__r.Legacy_Company_ID__c,False,False,,,False,True,,,False,False,False,0,False,False,False,,True,,False,False,False,False,False,,Client Number,1300,,,Client_Number__c,False,False,True,True,[],False,0,False,,[],,,False,False,0,False,xsd:string,True,string,False,False,False
110,False,False,False,3900,True,Plan__r.Plan_Sponsor__r.Name,False,False,,,False,True,,,False,False,False,0,False,False,False,,False,,False,False,False,False,False,,Client Name,1300,,,Client_Name__c,False,False,True,True,[],False,0,False,,[],,,False,False,0,False,xsd:string,False,string,False,False,False
111,True,False,False,150,False,,False,False,,,True,True,,,False,False,False,0,False,False,False,,True,,False,True,False,False,False,,Asset Type,50,,,Asset_Type__c,False,False,True,True,[],False,0,False,,[],,,False,False,0,False,xsd:string,True,string,False,True,False
112,True,False,False,150,False,,False,False,,,True,True,,,False,False,False,0,False,False,False,,True,,False,True,False,False,False,,Product,50,,,Product__c,False,False,True,True,[],False,0,False,,[],,,False,False,0,False,xsd:string,True,string,False,True,False
113,False,False,False,0,False,,False,False,,,True,True,0.0,,True,False,False,0,False,False,False,,True,,False,True,False,False,False,,PASW Enabled,0,,,PASW_Enabled__c,False,False,False,True,[],False,0,False,,[],,,False,False,0,False,xsd:boolean,True,boolean,False,True,False
