,aggregatable,aiPredictionField,autoNumber,byteLength,calculated,calculatedFormula,cascadeDelete,caseSensitive,compoundFieldName,controllerName,createable,custom,defaultValue,defaultValueFormula,defaultedOnCreate,dependentPicklist,deprecatedAndHidden,digits,displayLocationInDecimal,encrypted,externalId,extraTypeInfo,filterable,filteredLookupInfo,formulaTreatNullNumberAsZero,groupable,highScaleNumber,htmlFormatted,idLookup,inlineHelpText,label,length,mask,maskType,name,nameField,namePointing,nillable,permissionable,picklistValues,polymorphicForeignKey,precision,queryByDistance,referenceTargetField,referenceTo,relationshipName,relationshipOrder,restrictedDelete,restrictedPicklist,scale,searchPrefilterable,soapType,sortable,type,unique,updateable,writeRequiresMasterRead
0,True,False,False,18,False,,False,False,,,False,False,,,True,False,False,0,False,False,False,,True,,False,True,False,False,True,,Record ID,18,,,Id,False,False,False,False,[],False,0,False,,[],,,False,False,0,False,tns:ID,True,id,False,False,False
1,False,False,False,0,False,,False,False,,,False,False,0.0,,True,False,False,0,False,False,False,,True,,False,True,False,False,False,,Deleted,0,,,IsDeleted,False,False,False,False,[],False,0,False,,[],,,False,False,0,False,xsd:boolean,True,boolean,False,False,False
2,True,False,True,240,False,,False,False,,,False,False,,,True,False,False,0,False,False,False,,True,,False,False,False,False,True,,Role Number,80,,,Name,True,False,False,False,[],False,0,False,,[],,,False,False,0,False,xsd:string,True,string,False,False,False
3,True,False,False,18,False,,False,False,,,True,False,,,False,False,False,0,False,False,False,,True,,False,True,False,False,False,,Record Type ID,18,,,RecordTypeId,False,False,True,False,[],False,0,False,,['RecordType'],RecordType,,False,False,0,False,tns:ID,True,reference,False,True,False
4,True,False,False,0,False,,False,False,,,False,False,,,True,False,False,0,False,False,False,,True,,False,False,False,False,False,,Created Date,0,,,CreatedDate,False,False,False,False,[],False,0,False,,[],,,False,False,0,False,xsd:dateTime,True,datetime,False,False,False
5,True,False,False,18,False,,False,False,,,False,False,,,True,False,False,0,False,False,False,,True,,False,True,False,False,False,,Created By ID,18,,,CreatedById,False,False,False,False,[],False,0,False,,['User'],CreatedBy,,False,False,0,False,tns:ID,True,reference,False,False,False
6,True,False,False,0,False,,False,False,,,False,False,,,True,False,False,0,False,False,False,,True,,False,False,False,False,False,,Last Modified Date,0,,,LastModifiedDate,False,False,False,False,[],False,0,False,,[],,,False,False,0,False,xsd:dateTime,True,datetime,False,False,False
7,True,False,False,18,False,,False,False,,,False,False,,,True,False,False,0,False,False,False,,True,,False,True,False,False,False,,Last Modified By ID,18,,,LastModifiedById,False,False,False,False,[],False,0,False,,['User'],LastModifiedBy,,False,False,0,False,tns:ID,True,reference,False,False,False
8,True,False,False,0,False,,False,False,,,False,False,,,True,False,False,0,False,False,False,,True,,False,False,False,False,False,,System Modstamp,0,,,SystemModstamp,False,False,False,False,[],False,0,False,,[],,,False,False,0,False,xsd:dateTime,True,datetime,False,False,False
9,True,False,False,18,False,,True,False,,,True,True,,,False,False,False,0,False,False,False,,True,,False,True,False,False,False,,Financial Account,18,,,FinServ__FinancialAccount__c,False,False,False,False,[],False,0,False,,['FinServ__FinancialAccount__c'],FinServ__FinancialAccount__r,0.0,False,False,0,True,tns:ID,True,reference,False,False,False
10,False,False,False,0,False,,False,False,,,True,True,1.0,,True,False,False,0,False,False,False,,True,,False,True,False,False,False,,Active,0,,,FinServ__Active__c,False,False,False,True,[],False,0,False,,[],,,False,False,0,False,xsd:boolean,True,boolean,False,True,False
11,False,False,False,0,False,,False,False,,,True,True,1.0,,True,False,False,0,False,False,False,,True,,False,True,False,False,False,,Editable,0,,,FinServ__Editable__c,False,False,False,True,[],False,0,False,,[],,,False,False,0,False,xsd:boolean,True,boolean,False,True,False
12,True,False,False,0,False,,False,False,,,True,True,,,False,False,False,0,False,False,False,,True,,False,True,False,False,False,,End Date,0,,,FinServ__EndDate__c,False,False,True,True,[],False,0,False,,[],,,False,False,0,False,xsd:date,True,date,False,True,False
13,True,False,False,18,False,,False,False,,,True,True,,,False,False,False,0,False,False,False,,True,,False,True,False,False,False,,Related Account,18,,,FinServ__RelatedAccount__c,False,False,True,True,[],False,0,False,,['Account'],FinServ__RelatedAccount__r,,False,False,0,True,tns:ID,True,reference,False,True,False
14,True,False,False,18,False,,False,False,,,True,True,,,False,False,False,0,False,False,False,,True,,False,True,False,False,False,,Related Contact,18,,,FinServ__RelatedContact__c,False,False,True,True,[],False,0,False,,['Contact'],FinServ__RelatedContact__r,,False,False,0,True,tns:ID,True,reference,False,True,False
15,True,False,False,765,False,,False,False,,,True,True,,,False,False,False,0,False,False,False,,True,,False,True,False,False,False,,Role,255,,,FinServ__Role__c,False,False,True,True,"[{'active': True, 'defaultValue': False, 'label': 'Accountant', 'validFor': None, 'value': 'Accountant'}, {'active': True, 'defaultValue': False, 'label': 'Additional Owner', 'validFor': None, 'value': 'Additional Owner'}, {'active': True, 'defaultValue': False, 'label': 'Administrator', 'validFor': None, 'value': 'Administrator'}, {'active': True, 'defaultValue': False, 'label': 'Advisor', 'validFor': None, 'value': 'Advisor'}, {'active': True, 'defaultValue': False, 'label': 'Annuitant', 'validFor': None, 'value': 'Annuitant'}, {'active': True, 'defaultValue': False, 'label': 'Appoint / Remove Authority', 'validFor': None, 'value': 'Appoint / Remove Authority'}, {'active': True, 'defaultValue': False, 'label': 'Authorized Agent', 'validFor': None, 'value': 'Authorized Agent'}, {'active': True, 'defaultValue': False, 'label': 'Authorized Agent / Beneficial Owner', 'validFor': None, 'value': 'Authorized Agent / Beneficial Owner'}, {'active': True, 'defaultValue': False, 'label': 'Authorized Individual', 'validFor': None, 'value': 'Authorized Individual'}, {'active': True, 'defaultValue': False, 'label': 'Authorized Signer', 'validFor': None, 'value': 'Authorized Signer'}, {'active': True, 'defaultValue': False, 'label': 'Beneficial Owner', 'validFor': None, 'value': 'Beneficial Owner'}, {'active': True, 'defaultValue': False, 'label': 'Beneficiary', 'validFor': None, 'value': 'Beneficiary'}, {'active': True, 'defaultValue': False, 'label': 'Business Manager', 'validFor': None, 'value': 'Business Manager'}, {'active': True, 'defaultValue': False, 'label': 'Committee Member', 'validFor': None, 'value': 'Committee Member'}, {'active': True, 'defaultValue': False, 'label': 'Conservator', 'validFor': None, 'value': 'Conservator'}, {'active': True, 'defaultValue': False, 'label': 'Control Person', 'validFor': None, 'value': 'Control Person'}, {'active': True, 'defaultValue': False, 'label': 'Corporation', 'validFor': None, 'value': 'Corporation'}, {'active': True, 'defaultValue': False, 'label': 'Cosigner', 'validFor': None, 'value': 'Cosigner'}, {'active': True, 'defaultValue': False, 'label': 'Custodian', 'validFor': None, 'value': 'Custodian'}, {'active': True, 'defaultValue': False, 'label': 'Deceased Grantor', 'validFor': None, 'value': 'Deceased Grantor'}, {'active': True, 'defaultValue': False, 'label': 'Decedent', 'validFor': None, 'value': 'Decedent'}, {'active': True, 'defaultValue': False, 'label': 'Discretionary', 'validFor': None, 'value': 'Discretionary'}, {'active': True, 'defaultValue': False, 'label': 'Foundation', 'validFor': None, 'value': 'Foundation'}, {'active': True, 'defaultValue': False, 'label': 'Full Authority', 'validFor': None, 'value': 'Full Authority'}, {'active': True, 'defaultValue': False, 'label': 'Grantor', 'validFor': None, 'value': 'Grantor'}, {'active': True, 'defaultValue': False, 'label': 'Guardian', 'validFor': None, 'value': 'Guardian'}, {'active': True, 'defaultValue': False, 'label': 'Insured', 'validFor': None, 'value': 'Insured'}, {'active': True, 'defaultValue': False, 'label': 'Interested Party', 'validFor': None, 'value': 'Interested Party'}, {'active': True, 'defaultValue': False, 'label': 'Joint Owner', 'validFor': None, 'value': 'Joint Owner'}, {'active': True, 'defaultValue': False, 'label': 'Minor Primary Owner', 'validFor': None, 'value': 'Minor Primary Owner'}, {'active': True, 'defaultValue': False, 'label': 'Original Depositor', 'validFor': None, 'value': 'Original Depositor'}, {'active': True, 'defaultValue': False, 'label': 'Other', 'validFor': None, 'value': 'Other'}, {'active': True, 'defaultValue': False, 'label': 'Power of Attorney', 'validFor': None, 'value': 'Power of Attorney'}, {'active': True, 'defaultValue': False, 'label': 'Primary Owner', 'validFor': None, 'value': 'Primary Owner'}, {'active': True, 'defaultValue': False, 'label': 'Proprietor', 'validFor': None, 'value': 'Proprietor'}, {'active': True, 'defaultValue': False, 'label': 'TOD Beneficiary', 'validFor': None, 'value': 'TOD Beneficiary'}, {'active': True, 'defaultValue': False, 'label': 'Trustee', 'validFor': None, 'value': 'Trustee'}]",False,0,False,,[],,,False,False,0,False,xsd:string,True,picklist,False,True,False
16,True,False,False,300,False,,False,False,,,True,True,,,False,False,False,0,False,False,True,,True,,False,True,False,False,True,,Source System ID,100,,,FinServ__SourceSystemId__c,False,False,True,True,[],False,0,False,,[],,,False,False,0,False,xsd:string,True,string,False,True,False
17,True,False,False,0,False,,False,False,,,True,True,,today(),True,False,False,0,False,False,False,,True,,False,True,False,False,False,,Start Date,0,,,FinServ__StartDate__c,False,False,True,True,[],False,0,False,,[],,,False,False,0,False,xsd:date,True,date,False,True,False
