<?xml version="1.0" encoding="UTF-8"?>
<LightningComponentBundle xmlns="http://soap.sforce.com/2006/04/metadata" fqn="bootstrapDemoPricing">
    <apiVersion>48.0</apiVersion>
    <isExposed>true</isExposed>
    <masterLabel>[Sample] Bootstrap Demo - Pricing</masterLabel>
    <description>Demo component to show off Bootstrap styling</description>
    <targets>
        <target>lightningCommunity__Page</target>
        <target>lightningCommunity__Default</target>
    </targets>
</LightningComponentBundle>