<?xml version="1.0" encoding="UTF-8"?>
<LightningComponentBundle xmlns="http://soap.sforce.com/2006/04/metadata" fqn="contentAssetCmp">
    <apiVersion>48.0</apiVersion>
    <isExposed>true</isExposed>
    <masterLabel>[Sample] LWC ContentAsset Component</masterLabel>
    <description>Custom LWC Component that displays a content asset</description>
    <targets>
        <target>lightningCommunity__Page</target>
        <target>lightningCommunity__Default</target>
    </targets>
</LightningComponentBundle>
